"snapshot_id","archive_date","commit","tag","source_update_date","feature_set_hash","data_canonical_sha256","n_features"
1,"2025-02-23","4f92766da86aad689df546b4380520a8b6b47da6","2025-02-23","","d719e77e85cbb18051ab077e7daa74656f8ecc1ef9fa12c21c311fc1536f7fad","",6569
2,"2025-02-23","3da765f3debdabf61cff4cb74e62bd89f9d7c0da","","","d719e77e85cbb18051ab077e7daa74656f8ecc1ef9fa12c21c311fc1536f7fad","",6569
3,"2025-02-23","2bee0ecea6e2584a6b248750fe749c74225147cc","","","d719e77e85cbb18051ab077e7daa74656f8ecc1ef9fa12c21c311fc1536f7fad","",6569
4,"2025-02-28","8933c7595fa817b7d115d497717d6432e252b5ef","2025-02-28","","d719e77e85cbb18051ab077e7daa74656f8ecc1ef9fa12c21c311fc1536f7fad","",6569
5,"2025-03-04","ded8c985093496ed19aa46aa4dd18765d39d2b89","2025-03-04","","d719e77e85cbb18051ab077e7daa74656f8ecc1ef9fa12c21c311fc1536f7fad","",6569
6,"2025-03-10","e615e26ac3573300447cea40eab7b6920b16cc04","2025-03-10","","d719e77e85cbb18051ab077e7daa74656f8ecc1ef9fa12c21c311fc1536f7fad","",6569
7,"2025-03-13","1b54f828226989c49e513bf8d9f507b44a0c7626","2025-03-13","","d719e77e85cbb18051ab077e7daa74656f8ecc1ef9fa12c21c311fc1536f7fad","",6569
8,"2025-03-19","2421b661e21ca4466cd14fa814a90991aba50d90","2025-03-19","","d719e77e85cbb18051ab077e7daa74656f8ecc1ef9fa12c21c311fc1536f7fad","",6569
9,"2025-03-25","fa6dec5f8f95fdbd175372f585e46de2ba6bdf42","2025-03-25","","d719e77e85cbb18051ab077e7daa74656f8ecc1ef9fa12c21c311fc1536f7fad","",6569
10,"2025-04-02","516dd8d2e26d93a24b882176204260fda68badbe","2025-04-02","","d719e77e85cbb18051ab077e7daa74656f8ecc1ef9fa12c21c311fc1536f7fad","",6569
11,"2025-04-03","8722ad7a89f7c1e2ad39ad228ccce7890ea43d26","2025-04-03","","d719e77e85cbb18051ab077e7daa74656f8ecc1ef9fa12c21c311fc1536f7fad","",6569
12,"2025-04-06","290e895c79159514700dad32e21d099189f45225","2025-04-06","","d719e77e85cbb18051ab077e7daa74656f8ecc1ef9fa12c21c311fc1536f7fad","",6569
13,"2025-04-09","381ed8a9b4f039236514361150b9bca61e4e9fd9","2025-04-09","","d719e77e85cbb18051ab077e7daa74656f8ecc1ef9fa12c21c311fc1536f7fad","",6569
14,"2025-04-15","20cf1789df2ae9708e236351e4943fe3c8005f9c","2025-04-15","","d719e77e85cbb18051ab077e7daa74656f8ecc1ef9fa12c21c311fc1536f7fad","",6569
15,"2025-04-18","a92d701ba07abb176a56da8443074d91683ff76b","2025-04-18","","d719e77e85cbb18051ab077e7daa74656f8ecc1ef9fa12c21c311fc1536f7fad","",6569
16,"2025-04-19","b4c10ff6b445a0351532689d3333ac0d65f8ed1c","2025-04-19","","d719e77e85cbb18051ab077e7daa74656f8ecc1ef9fa12c21c311fc1536f7fad","",6569
17,"2025-04-24","ed408dc1cecf71508788e4e90808714b712ef9bc","2025-04-24","","d719e77e85cbb18051ab077e7daa74656f8ecc1ef9fa12c21c311fc1536f7fad","",6569
18,"2025-04-26","b0acd70e8a7b2c5f3110fbdaa06bce3b0ecd8a33","2025-04-26","","d719e77e85cbb18051ab077e7daa74656f8ecc1ef9fa12c21c311fc1536f7fad","",6569
19,"2025-04-29","dbcbfba377bade5a7296c274a90bd3da986cf368","2025-04-29","","d719e77e85cbb18051ab077e7daa74656f8ecc1ef9fa12c21c311fc1536f7fad","",6569
20,"2025-05-01","9a5d8a822842ce4bd4e2ede1d87d01a4a2382ddb","2025-05-01","","d719e77e85cbb18051ab077e7daa74656f8ecc1ef9fa12c21c311fc1536f7fad","",6569
21,"2025-05-02","39257eaf846251e6e3734e4b17236b95d4ea0a81","2025-05-02","","d719e77e85cbb18051ab077e7daa74656f8ecc1ef9fa12c21c311fc1536f7fad","",6569
22,"2025-05-03","812975b477dc63bac95fb10564b71279d859151d","2025-05-03","","d719e77e85cbb18051ab077e7daa74656f8ecc1ef9fa12c21c311fc1536f7fad","",6569
23,"2025-05-04","7b803bea0dadca38aafc4f5842d46590c8c76f0d","2025-05-04","","d719e77e85cbb18051ab077e7daa74656f8ecc1ef9fa12c21c311fc1536f7fad","",6569
24,"2025-05-05","9ca082604077d58f49c71cc81a25cded2c472f7d","2025-05-05","","d719e77e85cbb18051ab077e7daa74656f8ecc1ef9fa12c21c311fc1536f7fad","",6569
25,"2025-05-06","dbaaece903ef238e7e465c23b0b1ca22eb917111","2025-05-06","","d719e77e85cbb18051ab077e7daa74656f8ecc1ef9fa12c21c311fc1536f7fad","",6569
26,"2025-05-07","daaa1a4c757e6e06088a990e2d47ec7150ab51ff","2025-05-07","","d719e77e85cbb18051ab077e7daa74656f8ecc1ef9fa12c21c311fc1536f7fad","",6569
27,"2025-05-10","b709264b47c57cebc88f937a8ab198ebf2ffb264","2025-05-10","","d719e77e85cbb18051ab077e7daa74656f8ecc1ef9fa12c21c311fc1536f7fad","",6569
28,"2025-05-13","1203618ebf0957419dc01fbe20ab33f9c3d9152d","2025-05-13","","d719e77e85cbb18051ab077e7daa74656f8ecc1ef9fa12c21c311fc1536f7fad","",6569
29,"2025-05-14","eaf65b3d3f1c3bb4ebf7939d3001891bd1b3855b","2025-05-14","","d719e77e85cbb18051ab077e7daa74656f8ecc1ef9fa12c21c311fc1536f7fad","",6569
30,"2025-05-16","894e5a4d3f8c78a37e124206c75e51cb6540cab5","2025-05-16","","d719e77e85cbb18051ab077e7daa74656f8ecc1ef9fa12c21c311fc1536f7fad","",6569
31,"2025-05-19","8884762f0cd338aa3c286ff92a59fac4fd1e0ded","2025-05-19","","d719e77e85cbb18051ab077e7daa74656f8ecc1ef9fa12c21c311fc1536f7fad","",6569
32,"2025-05-20","ec4fc8a8189eacf6f92ce926956e9599a05fbdad","2025-05-20","","d719e77e85cbb18051ab077e7daa74656f8ecc1ef9fa12c21c311fc1536f7fad","",6569
33,"2025-05-21","97a0f16d287af9372a86a6471616b91ec14ec1d4","2025-05-21","","d719e77e85cbb18051ab077e7daa74656f8ecc1ef9fa12c21c311fc1536f7fad","",6569
34,"2025-05-22","1db5d44b7f69d42c3020235a9dbba7bee2d996bc","2025-05-22","","d719e77e85cbb18051ab077e7daa74656f8ecc1ef9fa12c21c311fc1536f7fad","",6569
35,"2025-05-24","9e45cc1ac976cd2f17c7d226110f8a5fcee6cd14","2025-05-24","","d719e77e85cbb18051ab077e7daa74656f8ecc1ef9fa12c21c311fc1536f7fad","",6569
36,"2025-05-26","7f42554d9da6c6868d4a7a5b6628afa94e6e0c38","2025-05-26","","d719e77e85cbb18051ab077e7daa74656f8ecc1ef9fa12c21c311fc1536f7fad","",6569
37,"2025-05-27","7746d3c8417db31ba233f58513c2b299682109f3","2025-05-27","","d719e77e85cbb18051ab077e7daa74656f8ecc1ef9fa12c21c311fc1536f7fad","",6569
38,"2025-05-28","9c8935b7591049c448c5a1899e1955b482faa05b","2025-05-28","","d719e77e85cbb18051ab077e7daa74656f8ecc1ef9fa12c21c311fc1536f7fad","",6569
39,"2025-05-29","804c71edb48b7ddd01943a33acd93fe7227ee8a4","2025-05-29","","d719e77e85cbb18051ab077e7daa74656f8ecc1ef9fa12c21c311fc1536f7fad","",6569
40,"2025-05-30","4954ad666cbf5ba64cce8fcf75ee9431a567ac94","2025-05-30","","d719e77e85cbb18051ab077e7daa74656f8ecc1ef9fa12c21c311fc1536f7fad","",6569
41,"2025-05-31","dd8003299dd294ceece735515125748b400c6361","2025-05-31","","d719e77e85cbb18051ab077e7daa74656f8ecc1ef9fa12c21c311fc1536f7fad","",6569
42,"2025-06-01","f31cb492876c5b16b28b024a94436f3628290266","2025-06-01","","d719e77e85cbb18051ab077e7daa74656f8ecc1ef9fa12c21c311fc1536f7fad","",6569
43,"2025-06-02","4d4dc935423de88966fad569b7abce03a9ddb01d","2025-06-02","","d719e77e85cbb18051ab077e7daa74656f8ecc1ef9fa12c21c311fc1536f7fad","",6569
44,"2025-06-03","2fae381718746835bf4953027e567fe5c2feb017","2025-06-03","","d719e77e85cbb18051ab077e7daa74656f8ecc1ef9fa12c21c311fc1536f7fad","",6569
45,"2025-06-04","ff67ad0031d38108c4891021aa9d3e72762babfd","2025-06-04","","d719e77e85cbb18051ab077e7daa74656f8ecc1ef9fa12c21c311fc1536f7fad","",6569
46,"2025-06-05","2ccb943b0d51c77b96702545263e06c8012a5be6","2025-06-05","","d719e77e85cbb18051ab077e7daa74656f8ecc1ef9fa12c21c311fc1536f7fad","",6569
47,"2025-06-06","42706aa0f7fb8d3adc7d4d1800f111fe459c3bf2","2025-06-06","","d719e77e85cbb18051ab077e7daa74656f8ecc1ef9fa12c21c311fc1536f7fad","",6569
48,"2025-06-07","96f6afe08cd09f0276a8e7a88d5885a6681cf179","2025-06-07","","d719e77e85cbb18051ab077e7daa74656f8ecc1ef9fa12c21c311fc1536f7fad","",6569
49,"2025-06-09","1ff3c8b10b4f9fb9759b20dd65650878ba2140ec","2025-06-09","","d719e77e85cbb18051ab077e7daa74656f8ecc1ef9fa12c21c311fc1536f7fad","",6569
50,"2025-06-11","9d392373a4fdb86ff5086dac5b2d2b4751ddd7f8","2025-06-11","","d719e77e85cbb18051ab077e7daa74656f8ecc1ef9fa12c21c311fc1536f7fad","",6569
51,"2025-06-12","7b8af799e42ae8d512b5235b08cb827e34e34900","2025-06-12","","d719e77e85cbb18051ab077e7daa74656f8ecc1ef9fa12c21c311fc1536f7fad","",6569
52,"2025-06-13","35a4d42d02ee7374dd2a0bbccfd5410d33eb5bf5","2025-06-13","","d719e77e85cbb18051ab077e7daa74656f8ecc1ef9fa12c21c311fc1536f7fad","",6569
53,"2025-06-15","a70a61bf31429e5eb4c92f9dcfd82d00c4edafba","2025-06-15","","d719e77e85cbb18051ab077e7daa74656f8ecc1ef9fa12c21c311fc1536f7fad","",6569
54,"2025-06-16","2d2bf2c54a1fc408dfe8cb5b1035453cc1d16bdc","2025-06-16","","d719e77e85cbb18051ab077e7daa74656f8ecc1ef9fa12c21c311fc1536f7fad","",6569
55,"2025-06-17","4ae641aad31bc0efb2792342801d76128639f6d7","2025-06-17","","d719e77e85cbb18051ab077e7daa74656f8ecc1ef9fa12c21c311fc1536f7fad","",6569
56,"2025-06-18","cbd47b1e67777b73f033793de1d3ff3c137ed08b","2025-06-18","","d719e77e85cbb18051ab077e7daa74656f8ecc1ef9fa12c21c311fc1536f7fad","",6569
57,"2025-06-19","597d97d0fc6d986e8d3e140c20e37cd2d3caf1c0","2025-06-19","","d719e77e85cbb18051ab077e7daa74656f8ecc1ef9fa12c21c311fc1536f7fad","",6569
58,"2025-06-20","0181fb4c3009dc29dbd4be6928653a7b5f0030a1","2025-06-20","","d719e77e85cbb18051ab077e7daa74656f8ecc1ef9fa12c21c311fc1536f7fad","",6569
59,"2025-06-21","4149d377811e1dac54b635e54ec788016e725fd2","2025-06-21","","d719e77e85cbb18051ab077e7daa74656f8ecc1ef9fa12c21c311fc1536f7fad","",6569
60,"2025-06-22","552ac11c6bd9d610fec7494506ef0223fa713010","2025-06-22","","d719e77e85cbb18051ab077e7daa74656f8ecc1ef9fa12c21c311fc1536f7fad","",6569
61,"2025-06-23","89dc3346fb499d861059db88310896aa51c31358","2025-06-23","","d719e77e85cbb18051ab077e7daa74656f8ecc1ef9fa12c21c311fc1536f7fad","",6569
62,"2025-06-24","66cdadc230a8a5bc2b82a81528012680f5dfdaaf","2025-06-24","","d719e77e85cbb18051ab077e7daa74656f8ecc1ef9fa12c21c311fc1536f7fad","",6569
63,"2025-06-25","bad7ea693e7aa41151101fe98ca13ee0bee3a9db","2025-06-25","","d719e77e85cbb18051ab077e7daa74656f8ecc1ef9fa12c21c311fc1536f7fad","",6569
64,"2025-06-26","ade387a2a98434d699ed1dbf808d9a442d142314","2025-06-26","","d719e77e85cbb18051ab077e7daa74656f8ecc1ef9fa12c21c311fc1536f7fad","",6569
65,"2025-06-27","a98c2d2ef1942139317f365947340b073809279d","2025-06-27","","d719e77e85cbb18051ab077e7daa74656f8ecc1ef9fa12c21c311fc1536f7fad","",6569
66,"2025-06-28","424d467b1b74475c64d2da941b9c2d6464bedfa5","2025-06-28","","d719e77e85cbb18051ab077e7daa74656f8ecc1ef9fa12c21c311fc1536f7fad","",6569
67,"2025-06-29","766e367fca2380ca4d0c879ef397fd8080c834e5","2025-06-29","","d719e77e85cbb18051ab077e7daa74656f8ecc1ef9fa12c21c311fc1536f7fad","",6569
68,"2025-06-30","edb36f290d822c46a6de7eeb0c2715502bb6fa78","2025-06-30","","d719e77e85cbb18051ab077e7daa74656f8ecc1ef9fa12c21c311fc1536f7fad","",6569
69,"2025-07-01","2ee4a783fe3f5ba8d4071e15b1559134a3cf0cc3","2025-07-01","","d719e77e85cbb18051ab077e7daa74656f8ecc1ef9fa12c21c311fc1536f7fad","",6569
70,"2025-07-02","f98af6d16c6630c047708038cfb615203f12183f","2025-07-02","","d719e77e85cbb18051ab077e7daa74656f8ecc1ef9fa12c21c311fc1536f7fad","",6569
71,"2025-07-03","26d409198a8f5fad94e7ff8ae99ad82d67218fa2","2025-07-03","","d719e77e85cbb18051ab077e7daa74656f8ecc1ef9fa12c21c311fc1536f7fad","",6569
72,"2025-07-04","787cf3c9ac071160b77c3ba1a99460e3592d511b","2025-07-04","","d719e77e85cbb18051ab077e7daa74656f8ecc1ef9fa12c21c311fc1536f7fad","",6569
73,"2025-07-05","f3c8e484eab782857c32c46851f130efbfe9f0c6","2025-07-05","","d719e77e85cbb18051ab077e7daa74656f8ecc1ef9fa12c21c311fc1536f7fad","",6569
74,"2025-07-06","027f4704fb25db1f60de74acf82a99d38fae711e","2025-07-06","","d719e77e85cbb18051ab077e7daa74656f8ecc1ef9fa12c21c311fc1536f7fad","",6569
75,"2025-07-07","72052477438ed9f3a06b6aaede29ba489886a1da","2025-07-07","","d719e77e85cbb18051ab077e7daa74656f8ecc1ef9fa12c21c311fc1536f7fad","",6569
76,"2025-07-08","e7d94e3eea7fb49b9af23e446228d98b57bfc048","2025-07-08","","d719e77e85cbb18051ab077e7daa74656f8ecc1ef9fa12c21c311fc1536f7fad","",6569
77,"2025-07-09","fffbecd4fed830fd41beadc4bd11b90146eb2e5f","2025-07-09","","d719e77e85cbb18051ab077e7daa74656f8ecc1ef9fa12c21c311fc1536f7fad","",6569
78,"2025-07-10","2a016187a72d7a7ff5fbbc761f74631be133bd14","2025-07-10","","d719e77e85cbb18051ab077e7daa74656f8ecc1ef9fa12c21c311fc1536f7fad","",6569
79,"2025-07-11","ab832002eb4803a65333082fec6fad8fed168800","2025-07-11","","d719e77e85cbb18051ab077e7daa74656f8ecc1ef9fa12c21c311fc1536f7fad","",6569
80,"2025-07-12","0ee4a2c9429724e0d6d4e2a340db0b923a37f226","2025-07-12","","b6194dad807b55643ca156b369efacbcff2a49a5543ad03ff930748f40aacf2e","",6676
81,"2025-07-13","a4560b5c872139ed04cd21472dee7052edf7cd92","2025-07-13","","b6194dad807b55643ca156b369efacbcff2a49a5543ad03ff930748f40aacf2e","",6676
82,"2025-07-14","e43b23fc9261e95c41ee13364839ff136e1ca560","2025-07-14","","b6194dad807b55643ca156b369efacbcff2a49a5543ad03ff930748f40aacf2e","",6676
83,"2025-07-15","7144804431afce65f5f41969683db8536f6b2642","2025-07-15","","b6194dad807b55643ca156b369efacbcff2a49a5543ad03ff930748f40aacf2e","",6676
84,"2025-07-16","45092a914eafd8fb8c6eb4e3c5a2a6dba263b97f","2025-07-16","","b6194dad807b55643ca156b369efacbcff2a49a5543ad03ff930748f40aacf2e","",6676
85,"2025-07-17","71ee945da94d230f53abdc3853afce94ef350d2e","2025-07-17","","b6194dad807b55643ca156b369efacbcff2a49a5543ad03ff930748f40aacf2e","",6676
86,"2025-07-18","65b9dfbf80af524433966e445e4a625112d395b2","2025-07-18","","b6194dad807b55643ca156b369efacbcff2a49a5543ad03ff930748f40aacf2e","",6676
87,"2025-07-19","dbbaea9981e5cfe5e315713ba68a2d1dd9ff26f7","2025-07-19","","b6194dad807b55643ca156b369efacbcff2a49a5543ad03ff930748f40aacf2e","",6676
88,"2025-07-20","7a9011d6730badb37079e88a699ceeccdd81af8c","2025-07-20","","b6194dad807b55643ca156b369efacbcff2a49a5543ad03ff930748f40aacf2e","",6676
89,"2025-07-21","763c63eb81cd57528b264e3a9913e1b6fef6d0d4","2025-07-21","","b6194dad807b55643ca156b369efacbcff2a49a5543ad03ff930748f40aacf2e","",6676
90,"2025-07-22","9446e9ce09d5e12166938c533b1fd2f5124ca471","2025-07-22","","b6194dad807b55643ca156b369efacbcff2a49a5543ad03ff930748f40aacf2e","",6676
91,"2025-07-23","745aa30f20db66682982a70fc55df8c453719739","2025-07-23","","b6194dad807b55643ca156b369efacbcff2a49a5543ad03ff930748f40aacf2e","",6676
92,"2025-07-24","bbfad1dca24474badbbdad8327a6325aebaba010","2025-07-24","","b6194dad807b55643ca156b369efacbcff2a49a5543ad03ff930748f40aacf2e","",6676
93,"2025-07-25","af04117d61cb34c646f5e0a73eed591c99bbfa7d","2025-07-25","","b6194dad807b55643ca156b369efacbcff2a49a5543ad03ff930748f40aacf2e","",6676
94,"2025-07-26","14b78cb72e3ccf2dbfd69ddccc9d69a5ef2ca1bc","2025-07-26","","b6194dad807b55643ca156b369efacbcff2a49a5543ad03ff930748f40aacf2e","",6676
95,"2025-07-27","57dbb57b37cc0d75239cd0033dae2b6de2e1cdd6","2025-07-27","","b6194dad807b55643ca156b369efacbcff2a49a5543ad03ff930748f40aacf2e","",6676
96,"2025-07-28","91889a91f17cc4a085e06d594654632dbfcb89d1","2025-07-28","","b6194dad807b55643ca156b369efacbcff2a49a5543ad03ff930748f40aacf2e","",6676
97,"2025-07-29","1608834d9177d3c3f308d9edb5ffff084b88b927","2025-07-29","","b6194dad807b55643ca156b369efacbcff2a49a5543ad03ff930748f40aacf2e","",6676
98,"2025-07-30","a45719c380bf5e1a08c90d8fa88b7d4f925d1e26","2025-07-30","","b6194dad807b55643ca156b369efacbcff2a49a5543ad03ff930748f40aacf2e","",6676
99,"2025-07-31","4f20c709bace032cc001ad8bde57e2ac1e41d5f4","2025-07-31","","b6194dad807b55643ca156b369efacbcff2a49a5543ad03ff930748f40aacf2e","",6676
100,"2025-08-01","99f7d81c648339244cbb89b7422af4217ac0f8a1","2025-08-01","","b6194dad807b55643ca156b369efacbcff2a49a5543ad03ff930748f40aacf2e","",6676
101,"2025-08-02","3e9a8de7b9ced7f5da0d14d93d8ff357db4b6cb1","2025-08-02","","b6194dad807b55643ca156b369efacbcff2a49a5543ad03ff930748f40aacf2e","",6676
102,"2025-08-03","ab99cfd6daf294b249e57dc79f91d540eba86e51","2025-08-03","","b6194dad807b55643ca156b369efacbcff2a49a5543ad03ff930748f40aacf2e","",6676
103,"2025-08-04","e2d70e0b4ccdff24569e61454b2c2b711636e5fe","2025-08-04","","b6194dad807b55643ca156b369efacbcff2a49a5543ad03ff930748f40aacf2e","",6676
104,"2025-08-05","1651d186d52c5af8dde66e65bebaacfee6740d44","2025-08-05","","b6194dad807b55643ca156b369efacbcff2a49a5543ad03ff930748f40aacf2e","",6676
105,"2025-08-06","9c691b0fe3d3b6902a5b4534aa66ed5b6256f1e2","2025-08-06","","b6194dad807b55643ca156b369efacbcff2a49a5543ad03ff930748f40aacf2e","",6676
106,"2025-08-07","6913f53f6f96a442fa9c509c87d830bdc2a45623","2025-08-07","","b6194dad807b55643ca156b369efacbcff2a49a5543ad03ff930748f40aacf2e","",6676
107,"2025-08-08","2527acbd742dbb49c100fb1679172e1eac2b6dbf","2025-08-08","","b6194dad807b55643ca156b369efacbcff2a49a5543ad03ff930748f40aacf2e","",6676
108,"2025-08-09","7a6cf862c758564b34ca1822de51fb18edde3c74","2025-08-09","","b6194dad807b55643ca156b369efacbcff2a49a5543ad03ff930748f40aacf2e","",6676
109,"2025-08-10","54129ef663379a933fc140b8ff422ce370522dbe","2025-08-10","","b6194dad807b55643ca156b369efacbcff2a49a5543ad03ff930748f40aacf2e","",6676
110,"2025-08-11","739a00a31c1bcb7af20c5cb00108e4e4722a715a","2025-08-11","","b6194dad807b55643ca156b369efacbcff2a49a5543ad03ff930748f40aacf2e","",6676
111,"2025-08-12","8b722ec87897ab1b6e7b99ff04bf2bb5aa3487f8","2025-08-12","","b6194dad807b55643ca156b369efacbcff2a49a5543ad03ff930748f40aacf2e","",6676
112,"2025-08-13","b327c09aa6de78a070ec1013fdf19710207bfa2b","2025-08-13","","b6194dad807b55643ca156b369efacbcff2a49a5543ad03ff930748f40aacf2e","",6676
113,"2025-08-14","4bcaffc24a96e3712497c89a193053844af66462","2025-08-14","","b6194dad807b55643ca156b369efacbcff2a49a5543ad03ff930748f40aacf2e","",6676
114,"2025-08-15","e24c28d976a01f15cb6679fdd3d3f0da9952a65a","2025-08-15","","b6194dad807b55643ca156b369efacbcff2a49a5543ad03ff930748f40aacf2e","",6676
115,"2025-08-16","3992affc58ebf54e4ffd16701e141a93e6b4b348","2025-08-16","","b6194dad807b55643ca156b369efacbcff2a49a5543ad03ff930748f40aacf2e","",6676
116,"2025-08-17","dbf01b02cb8b7e890695b96f734892dce67bc239","2025-08-17","","b6194dad807b55643ca156b369efacbcff2a49a5543ad03ff930748f40aacf2e","",6676
117,"2025-08-18","71fe2ef888349da53a646b132ab1a05a5564add5","2025-08-18","","b6194dad807b55643ca156b369efacbcff2a49a5543ad03ff930748f40aacf2e","",6676
118,"2025-08-19","8fd9d64626f91673978898b5b5c59e5c6cb976db","2025-08-19","","b6194dad807b55643ca156b369efacbcff2a49a5543ad03ff930748f40aacf2e","",6676
119,"2025-08-20","981153d4a2ce3846e0eb171447a11a31301c4321","2025-08-20","","b6194dad807b55643ca156b369efacbcff2a49a5543ad03ff930748f40aacf2e","",6676
120,"2025-08-21","c10063a2d3b1596f217a228e8b65d69c8f8e7c0f","2025-08-21","","b6194dad807b55643ca156b369efacbcff2a49a5543ad03ff930748f40aacf2e","",6676
121,"2025-08-22","af7bd05dd0811c0cfa5e42f1627f3e64f6339d35","2025-08-22","","b6194dad807b55643ca156b369efacbcff2a49a5543ad03ff930748f40aacf2e","",6676
122,"2025-08-23","09f1372a70fd84fd1d364b600f68249a7b6b224a","2025-08-23","","b6194dad807b55643ca156b369efacbcff2a49a5543ad03ff930748f40aacf2e","",6676
123,"2025-08-24","2e10554160cdf7a88b09eff5590135a2f12d38e7","2025-08-24","","b6194dad807b55643ca156b369efacbcff2a49a5543ad03ff930748f40aacf2e","",6676
124,"2025-08-25","4f7a12f590c3098aafe1cf55459b27d1be9a1f29","2025-08-25","","b6194dad807b55643ca156b369efacbcff2a49a5543ad03ff930748f40aacf2e","",6676
125,"2025-08-26","d5cd56c910be1bd59741ad56ea9369f8fcb91cab","2025-08-26","","b6194dad807b55643ca156b369efacbcff2a49a5543ad03ff930748f40aacf2e","",6676
126,"2025-08-27","5d9a3edf79230dda1be46bf59befb2820e6bfdae","2025-08-27","","b6194dad807b55643ca156b369efacbcff2a49a5543ad03ff930748f40aacf2e","",6676
127,"2025-08-28","19564eab2ef480045c22cf3211025e70e946682a","2025-08-28","","b6194dad807b55643ca156b369efacbcff2a49a5543ad03ff930748f40aacf2e","",6676
128,"2025-08-29","3bc4a9eeaaa0c6d74b1c7deeb0b125d6081e2c0a","2025-08-29","","b6194dad807b55643ca156b369efacbcff2a49a5543ad03ff930748f40aacf2e","",6676
129,"2025-08-30","b53b96410f4a3a679170e70db815455df6a2cecd","2025-08-30","","b6194dad807b55643ca156b369efacbcff2a49a5543ad03ff930748f40aacf2e","",6676
130,"2025-08-31","b69efb49d6ae6b995d028249d54275e53d23395c","2025-08-31","","b6194dad807b55643ca156b369efacbcff2a49a5543ad03ff930748f40aacf2e","",6676
131,"2025-09-01","bf8dbc0a52dab6b77872401988d8a079845e881e","2025-09-01","","b6194dad807b55643ca156b369efacbcff2a49a5543ad03ff930748f40aacf2e","",6676
132,"2025-09-02","198ea0deffd938b5569ecb7950999770d1ef0c81","2025-09-02","","b6194dad807b55643ca156b369efacbcff2a49a5543ad03ff930748f40aacf2e","",6676
133,"2025-09-03","586d2e9eaf61cb7aab6556c9798a314165ce1aa3","2025-09-03","","b6194dad807b55643ca156b369efacbcff2a49a5543ad03ff930748f40aacf2e","",6676
134,"2025-09-04","2f99d3a53ca5b18f6852959423ad0705c3c3d95c","2025-09-04","","b6194dad807b55643ca156b369efacbcff2a49a5543ad03ff930748f40aacf2e","",6676
135,"2025-09-05","f3a5c048280209b21126de0a6f2925dfbe59e3ec","2025-09-05","","b6194dad807b55643ca156b369efacbcff2a49a5543ad03ff930748f40aacf2e","",6676
136,"2025-09-06","3291502324a81549620662b40e78a5930cebbfd6","2025-09-06","","b6194dad807b55643ca156b369efacbcff2a49a5543ad03ff930748f40aacf2e","",6676
137,"2025-09-07","6e56f74857ffa6d9018d202d83a53cb27edbafb1","2025-09-07","","b6194dad807b55643ca156b369efacbcff2a49a5543ad03ff930748f40aacf2e","",6676
138,"2025-09-08","5f819fe64d033e2ff97c4649d2f1852e6ba055cd","2025-09-08","","b6194dad807b55643ca156b369efacbcff2a49a5543ad03ff930748f40aacf2e","",6676
139,"2025-09-09","3a1a0f8618ca3cf5a138d74898b40f58fd2732e6","2025-09-09","","b6194dad807b55643ca156b369efacbcff2a49a5543ad03ff930748f40aacf2e","",6676
140,"2025-09-10","86f10f17af671c3bb26b8cf71496622408a32e24","2025-09-10","","b6194dad807b55643ca156b369efacbcff2a49a5543ad03ff930748f40aacf2e","",6676
141,"2025-09-11","ab62932a14e8ac0dddf9a4a3048045d8cffbae2d","2025-09-11","","b6194dad807b55643ca156b369efacbcff2a49a5543ad03ff930748f40aacf2e","",6676
142,"2025-09-12","46915f4a32ec3a88110e2270ca9e6f373b1a4ff6","2025-09-12","","b6194dad807b55643ca156b369efacbcff2a49a5543ad03ff930748f40aacf2e","",6676
143,"2025-09-13","f98b607adc2ad3b3f84f9e14618e929eb96e0d89","2025-09-13","","b6194dad807b55643ca156b369efacbcff2a49a5543ad03ff930748f40aacf2e","",6676
144,"2025-09-14","bfb125b3357b36c58aa285d726d9c3c449917370","2025-09-14","","b6194dad807b55643ca156b369efacbcff2a49a5543ad03ff930748f40aacf2e","",6676
145,"2025-09-15","52aa02c8d58e4ff1a20af79ef7eb8ff9d76fc034","2025-09-15","","b6194dad807b55643ca156b369efacbcff2a49a5543ad03ff930748f40aacf2e","",6676
146,"2025-09-16","9217fe92002105fb8a4cf5275d7a28a5e39ca1c5","2025-09-16","","b6194dad807b55643ca156b369efacbcff2a49a5543ad03ff930748f40aacf2e","",6676
147,"2025-09-17","9f9cb3c88a17c6665dca611b297f5aae9ed95191","2025-09-17","","b6194dad807b55643ca156b369efacbcff2a49a5543ad03ff930748f40aacf2e","",6676
148,"2025-09-18","4be36d9955373cee4432ff354a98c41364252de0","2025-09-18","","b6194dad807b55643ca156b369efacbcff2a49a5543ad03ff930748f40aacf2e","",6676
149,"2025-09-23","3a466647aea6f765ce9ffe95677ec9e64c20f394","2025-09-23","","b6194dad807b55643ca156b369efacbcff2a49a5543ad03ff930748f40aacf2e","",6676
150,"2025-09-24","e5b76b53fdf5a0b1f29e0682232021ec486f4eb5","2025-09-24","","b6194dad807b55643ca156b369efacbcff2a49a5543ad03ff930748f40aacf2e","",6676
151,"2025-09-26","3f654befa77cfc4e788cad83ecfcc392afa9db20","2025-09-26","","b6194dad807b55643ca156b369efacbcff2a49a5543ad03ff930748f40aacf2e","",6676
152,"2025-09-27","d219ac79c10c4da74cf2cccf79d88bcad6838bfc","2025-09-27","","b6194dad807b55643ca156b369efacbcff2a49a5543ad03ff930748f40aacf2e","",6676
153,"2025-09-28","7cfd464b5266e219ebd5de035bdc60c33145a924","2025-09-28","","b6194dad807b55643ca156b369efacbcff2a49a5543ad03ff930748f40aacf2e","",6676
154,"2025-09-29","f2e216cf1b5537294b594ecb1445f185329a3247","2025-09-29","","b6194dad807b55643ca156b369efacbcff2a49a5543ad03ff930748f40aacf2e","",6676
155,"2025-09-30","56cc6f3624ffe31605586e23600450b5b33b0c27","2025-09-30","","b6194dad807b55643ca156b369efacbcff2a49a5543ad03ff930748f40aacf2e","",6676
156,"2025-10-01","89effe89d8398c3aaf5e4caadaa8ddd5d626eadb","2025-10-01","","b6194dad807b55643ca156b369efacbcff2a49a5543ad03ff930748f40aacf2e","",6676
157,"2025-10-02","d7e4321e551b63f0b40f5c4cdb12110acc2eb543","2025-10-02","","b6194dad807b55643ca156b369efacbcff2a49a5543ad03ff930748f40aacf2e","",6676
158,"2025-10-03","3d23cab25a5e9272505472b5a743fa8d7a042255","2025-10-03","","b6194dad807b55643ca156b369efacbcff2a49a5543ad03ff930748f40aacf2e","",6676
159,"2025-10-04","ad3be8f109792f88683c31017e1e4877ba807297","2025-10-04","","b6194dad807b55643ca156b369efacbcff2a49a5543ad03ff930748f40aacf2e","",6676
160,"2025-10-05","1bffa1b2cd6ecad03ab3f8950ffdc56413bc4535","2025-10-05","","b6194dad807b55643ca156b369efacbcff2a49a5543ad03ff930748f40aacf2e","",6676
161,"2025-10-06","b541e147b59b622926c3599b67257ce340ac99c4","2025-10-06","","b6194dad807b55643ca156b369efacbcff2a49a5543ad03ff930748f40aacf2e","",6676
162,"2025-10-07","c7410f14d4a94a987fb029348c20e84921eeb5da","2025-10-07","","b6194dad807b55643ca156b369efacbcff2a49a5543ad03ff930748f40aacf2e","",6676
163,"2025-10-08","aabab48d8f702c0e52601a919370a4e9af12e03d","2025-10-08","","b6194dad807b55643ca156b369efacbcff2a49a5543ad03ff930748f40aacf2e","",6676
164,"2025-10-09","95c52759e091b0a8e374549bd7893a46231b4944","2025-10-09","","b6194dad807b55643ca156b369efacbcff2a49a5543ad03ff930748f40aacf2e","",6676
165,"2025-10-10","4862c4c236f7004efe0962b8fe45eaea46378704","2025-10-10","","b6194dad807b55643ca156b369efacbcff2a49a5543ad03ff930748f40aacf2e","",6676
166,"2025-10-11","9fe5999fe21c9512af1ce959faf178f1a6c0ef96","2025-10-11","","b6194dad807b55643ca156b369efacbcff2a49a5543ad03ff930748f40aacf2e","",6676
167,"2025-10-12","a3fcec958b6c606ca410e968454dc55776f00b85","2025-10-12","","b6194dad807b55643ca156b369efacbcff2a49a5543ad03ff930748f40aacf2e","",6676
168,"2025-10-13","b3d48fc2b946f16ea56034a54c2bd81428afb035","2025-10-13","","b6194dad807b55643ca156b369efacbcff2a49a5543ad03ff930748f40aacf2e","",6676
169,"2025-10-14","d173de3cfb95ec2e4acec2e69b450ec830c7c396","2025-10-14","","b6194dad807b55643ca156b369efacbcff2a49a5543ad03ff930748f40aacf2e","",6676
170,"2025-10-15","8fec3ec4b682cd4f1bad565e43f786bbfad27a2b","2025-10-15","","b6194dad807b55643ca156b369efacbcff2a49a5543ad03ff930748f40aacf2e","",6676
171,"2025-10-18","63f2320b1e278cdc30bc49e2736aa44742be90ba","2025-10-18","","b6194dad807b55643ca156b369efacbcff2a49a5543ad03ff930748f40aacf2e","",6676
172,"2025-10-20","f3907220ac2cb2247799d028538d56f93aeb3f47","2025-10-20","","b6194dad807b55643ca156b369efacbcff2a49a5543ad03ff930748f40aacf2e","",6676
173,"2025-10-21","e6d26e657a236e615e414ddd2f92756a9dd8c882","2025-10-21","","b6194dad807b55643ca156b369efacbcff2a49a5543ad03ff930748f40aacf2e","",6676
174,"2025-10-24","9e667dcb09c12a9913a717c558ede2b87fa6c1ec","2025-10-24","","b6194dad807b55643ca156b369efacbcff2a49a5543ad03ff930748f40aacf2e","",6676
175,"2025-10-27","6d0c4dac30dd638922665d594fa5d577ee1a7755","2025-10-27","","b6194dad807b55643ca156b369efacbcff2a49a5543ad03ff930748f40aacf2e","",6676
176,"2025-10-31","16a1ae1c186c5659f289ab7fad6d3417dcade8ea","2025-10-31","","b6194dad807b55643ca156b369efacbcff2a49a5543ad03ff930748f40aacf2e","",6676
177,"2025-11-05","76b4f4bf2e7a08649239537a846e930620f08f52","2025-11-05","","b6194dad807b55643ca156b369efacbcff2a49a5543ad03ff930748f40aacf2e","",6676
178,"2025-11-06","15ee30b2f79493d0b5792c53add041d3bd45f93a","2025-11-06","","b6194dad807b55643ca156b369efacbcff2a49a5543ad03ff930748f40aacf2e","",6676
179,"2025-11-08","79d9fca051902c3bd116d87e4e859f9a9f4be3f7","2025-11-08","","b6194dad807b55643ca156b369efacbcff2a49a5543ad03ff930748f40aacf2e","",6676
180,"2025-11-14","8563aa7a51d12d504dc51008933245b57bc6271c","2025-11-14","","b6194dad807b55643ca156b369efacbcff2a49a5543ad03ff930748f40aacf2e","",6676
181,"2025-11-15","3aa068240ef1a7383ca463ad6d60a18dbc5245e3","2025-11-15","","b6194dad807b55643ca156b369efacbcff2a49a5543ad03ff930748f40aacf2e","",6676
182,"2025-11-16","969f7877d7318f52d589da57f23d84a41de65724","2025-11-16","","b6194dad807b55643ca156b369efacbcff2a49a5543ad03ff930748f40aacf2e","",6676
183,"2025-11-23","04ae2b3500b8dd238a47e9a55e6d4007b537ee54","2025-11-23","","b6194dad807b55643ca156b369efacbcff2a49a5543ad03ff930748f40aacf2e","",6676
184,"2025-12-11","2c6343aefa749554419b606496d87e6bf3e0db14","2025-12-11","","b6194dad807b55643ca156b369efacbcff2a49a5543ad03ff930748f40aacf2e","",6676
185,"2025-12-13","7ba124496e3204226f36a37a1e4e53ad1758c2fa","2025-12-13","","b6194dad807b55643ca156b369efacbcff2a49a5543ad03ff930748f40aacf2e","",6676
186,"2026-01-13","c024ec80e05a83360444681bed3282b573f16a1c","2026-01-13","","b6194dad807b55643ca156b369efacbcff2a49a5543ad03ff930748f40aacf2e","",6676
187,"2026-01-15","1bb7944876b0094a19a16f816c0fe208fe0b5464","2026-01-15","","b6194dad807b55643ca156b369efacbcff2a49a5543ad03ff930748f40aacf2e","",6676
188,"2026-01-17","df1eace92af93400b848e2187b3a8a457f7096b8","2026-01-17","","b6194dad807b55643ca156b369efacbcff2a49a5543ad03ff930748f40aacf2e","",6676
189,"2026-01-21","50641c83733bab13afb73640b252bf406303faea","2026-01-21","","b6194dad807b55643ca156b369efacbcff2a49a5543ad03ff930748f40aacf2e","",6676
190,"2026-01-23","3351cfeef385470d7c526d91b73dc4c25f40265e","2026-01-23","","b6194dad807b55643ca156b369efacbcff2a49a5543ad03ff930748f40aacf2e","",6676
191,"2026-02-07","0cd4fac3d0fda2814377f80227e60ab36e259194","2026-02-07","","b6194dad807b55643ca156b369efacbcff2a49a5543ad03ff930748f40aacf2e","",6676
192,"2026-02-14","277eaa99da475ce9b42c0eb3fd9a06382ee0bf26","2026-02-14","","b6194dad807b55643ca156b369efacbcff2a49a5543ad03ff930748f40aacf2e","",6676
193,"2026-02-21","975fd1e76ab437efcad1611c4391f03bad422afc","2026-02-21","","b6194dad807b55643ca156b369efacbcff2a49a5543ad03ff930748f40aacf2e","",6676
194,"2026-02-28","55b96d3830962547c43acf1ccb08eec2c16126ed","2026-02-28","","b6194dad807b55643ca156b369efacbcff2a49a5543ad03ff930748f40aacf2e","",6676
195,"2026-03-07","deabac9abacdd8f5fde20d2ddf74048f6260bb97","2026-03-07","","b6194dad807b55643ca156b369efacbcff2a49a5543ad03ff930748f40aacf2e","",6676
196,"2026-03-14","fb7625b4c0d0ddafc930beab7901077ee09c6bb7","2026-03-14","","b6194dad807b55643ca156b369efacbcff2a49a5543ad03ff930748f40aacf2e","",6676
197,"2026-03-21","28216ea2503b961d1f04d22d1415082281d752d2","2026-03-21","","b6194dad807b55643ca156b369efacbcff2a49a5543ad03ff930748f40aacf2e","",6676
198,"2026-03-28","fd9d9ba742b16cd1737d6c08c843ff9c5cadb7d0","2026-03-28","","b6194dad807b55643ca156b369efacbcff2a49a5543ad03ff930748f40aacf2e","",6676
199,"2026-04-04","b8548576ff0660cd1acda88e017d22af981811d2","2026-04-04","","b6194dad807b55643ca156b369efacbcff2a49a5543ad03ff930748f40aacf2e","",6676
200,"2026-04-11","926c3c99c03d3531d799510dc0bf91afe26ba7dc","2026-04-11","","b6194dad807b55643ca156b369efacbcff2a49a5543ad03ff930748f40aacf2e","",6676
201,"2026-04-18","e91d6382f1868bd231de25e0fd0a3375b32fedf6","2026-04-18","","b6194dad807b55643ca156b369efacbcff2a49a5543ad03ff930748f40aacf2e","",6676
202,"2026-04-25","4f81d4bdd692bae95a5f8af04c7602f1dda6ae3a","2026-04-25","","b6194dad807b55643ca156b369efacbcff2a49a5543ad03ff930748f40aacf2e","",6676
203,"2026-05-02","9dc95607b9b64cf13f702521979a4789796ffd81","2026-05-02","","55fd69d5ef1620073e4dcb7346741589c8507f2dea9b7d87e7fbb5e29dcfd1d3","",7462
204,"2026-05-09","def4fc34b3c12d66bbdb0a27fd2a5ceeb165fd07","2026-05-09","","55fd69d5ef1620073e4dcb7346741589c8507f2dea9b7d87e7fbb5e29dcfd1d3","",7462
205,"2026-05-16","00075e0c5a07079e887a4145915d2842cf219152","2026-05-16","","55fd69d5ef1620073e4dcb7346741589c8507f2dea9b7d87e7fbb5e29dcfd1d3","",7462
206,"2026-05-23","b650939f9892b67376744aa3e10eff3b043b0861","2026-05-23","","55fd69d5ef1620073e4dcb7346741589c8507f2dea9b7d87e7fbb5e29dcfd1d3","",7462
207,"2026-05-30","72d88e9538b1605383b68ca2edcc8180b4bd9954","2026-05-30","","55fd69d5ef1620073e4dcb7346741589c8507f2dea9b7d87e7fbb5e29dcfd1d3","",7462
208,"2026-06-06","4ec3537fd73a44084e750b544b1b0408b37958ed","2026-06-06","","55fd69d5ef1620073e4dcb7346741589c8507f2dea9b7d87e7fbb5e29dcfd1d3","",7462
209,"2026-06-13","70bf10f9d6a6b30a1f7e33d1140c259cae2f2699","2026-06-13","","55fd69d5ef1620073e4dcb7346741589c8507f2dea9b7d87e7fbb5e29dcfd1d3","",7462
210,"2026-06-20","ad103601043459590c02e331861e9222f9b38e0d","2026-06-20","","55fd69d5ef1620073e4dcb7346741589c8507f2dea9b7d87e7fbb5e29dcfd1d3","",7462
211,"2026-06-27","eaf783a2d993a9b2cd42669a4d56698c9a870281","2026-06-27","","55fd69d5ef1620073e4dcb7346741589c8507f2dea9b7d87e7fbb5e29dcfd1d3","",7462
212,"2026-07-04","a016ece45e28896a9c44210e4099f46a0f6a24c7","2026-07-04","","55fd69d5ef1620073e4dcb7346741589c8507f2dea9b7d87e7fbb5e29dcfd1d3","",7462
213,"2026-07-11","ee9d6ae9b3fa468b790eabe07fc2af2ca87c71f6","2026-07-11","","55fd69d5ef1620073e4dcb7346741589c8507f2dea9b7d87e7fbb5e29dcfd1d3","",7462
214,"2026-07-18","a2c91012f0f00affc193cd7e8159e04a6f0e4f2a","2026-07-18","","55fd69d5ef1620073e4dcb7346741589c8507f2dea9b7d87e7fbb5e29dcfd1d3","",7462
